Kod TERYT,Nazwa województwa,Rok zgonu,Miesiąc zgonu,Liczba zgonów
02,DOLNOŚLĄSKIE,2020,01,2876
02,DOLNOŚLĄSKIE,2020,02,2796
02,DOLNOŚLĄSKIE,2020,03,2800
02,DOLNOŚLĄSKIE,2020,04,2753
02,DOLNOŚLĄSKIE,2020,05,2646
02,DOLNOŚLĄSKIE,2020,06,2591
02,DOLNOŚLĄSKIE,2020,07,2612
02,DOLNOŚLĄSKIE,2020,08,2658
02,DOLNOŚLĄSKIE,2020,09,2673
02,DOLNOŚLĄSKIE,2020,10,3685
02,DOLNOŚLĄSKIE,2020,11,5091
04,KUJAWSKO-POMORSKIE,2020,01,1982
04,KUJAWSKO-POMORSKIE,2020,02,1850
04,KUJAWSKO-POMORSKIE,2020,03,1987
04,KUJAWSKO-POMORSKIE,2020,04,1833
04,KUJAWSKO-POMORSKIE,2020,05,1775
04,KUJAWSKO-POMORSKIE,2020,06,1721
04,KUJAWSKO-POMORSKIE,2020,07,1753
04,KUJAWSKO-POMORSKIE,2020,08,1855
04,KUJAWSKO-POMORSKIE,2020,09,1820
04,KUJAWSKO-POMORSKIE,2020,10,2442
04,KUJAWSKO-POMORSKIE,2020,11,3093
06,LUBELSKIE,2020,01,2027
06,LUBELSKIE,2020,02,1959
06,LUBELSKIE,2020,03,2103
06,LUBELSKIE,2020,04,1854
06,LUBELSKIE,2020,05,1907
06,LUBELSKIE,2020,06,1835
06,LUBELSKIE,2020,07,1763
06,LUBELSKIE,2020,08,1915
06,LUBELSKIE,2020,09,1861
06,LUBELSKIE,2020,10,2742
06,LUBELSKIE,2020,11,3981
08,LUBUSKIE,2020,01,1016
08,LUBUSKIE,2020,02,852
08,LUBUSKIE,2020,03,940
08,LUBUSKIE,2020,04,943
08,LUBUSKIE,2020,05,876
08,LUBUSKIE,2020,06,811
08,LUBUSKIE,2020,07,900
08,LUBUSKIE,2020,08,936
08,LUBUSKIE,2020,09,907
08,LUBUSKIE,2020,10,1316
08,LUBUSKIE,2020,11,1800
10,ŁÓDZKIE,2020,01,2686
10,ŁÓDZKIE,2020,02,2653
10,ŁÓDZKIE,2020,03,2715
10,ŁÓDZKIE,2020,04,2494
10,ŁÓDZKIE,2020,05,2524
10,ŁÓDZKIE,2020,06,2488
10,ŁÓDZKIE,2020,07,2537
10,ŁÓDZKIE,2020,08,2594
10,ŁÓDZKIE,2020,09,2511
10,ŁÓDZKIE,2020,10,3701
10,ŁÓDZKIE,2020,11,4792
12,MAŁOPOLSKIE,2020,01,3003
12,MAŁOPOLSKIE,2020,02,2884
12,MAŁOPOLSKIE,2020,03,2961
12,MAŁOPOLSKIE,2020,04,2704
12,MAŁOPOLSKIE,2020,05,2750
12,MAŁOPOLSKIE,2020,06,2602
12,MAŁOPOLSKIE,2020,07,2824
12,MAŁOPOLSKIE,2020,08,2818
12,MAŁOPOLSKIE,2020,09,2807
12,MAŁOPOLSKIE,2020,10,4760
12,MAŁOPOLSKIE,2020,11,5549
14,MAZOWIECKIE,2020,01,5149
14,MAZOWIECKIE,2020,02,5160
14,MAZOWIECKIE,2020,03,5361
14,MAZOWIECKIE,2020,04,5011
14,MAZOWIECKIE,2020,05,4783
14,MAZOWIECKIE,2020,06,4679
14,MAZOWIECKIE,2020,07,4822
14,MAZOWIECKIE,2020,08,4965
14,MAZOWIECKIE,2020,09,5006
14,MAZOWIECKIE,2020,10,6619
14,MAZOWIECKIE,2020,11,9146
16,OPOLSKIE,2020,01,983
16,OPOLSKIE,2020,02,912
16,OPOLSKIE,2020,03,938
16,OPOLSKIE,2020,04,909
16,OPOLSKIE,2020,05,885
16,OPOLSKIE,2020,06,863
16,OPOLSKIE,2020,07,877
16,OPOLSKIE,2020,08,942
16,OPOLSKIE,2020,09,876
16,OPOLSKIE,2020,10,1357
16,OPOLSKIE,2020,11,1884
18,PODKARPACKIE,2020,01,1707
18,PODKARPACKIE,2020,02,1656
18,PODKARPACKIE,2020,03,1783
18,PODKARPACKIE,2020,04,1626
18,PODKARPACKIE,2020,05,1586
18,PODKARPACKIE,2020,06,1658
18,PODKARPACKIE,2020,07,1615
18,PODKARPACKIE,2020,08,1698
18,PODKARPACKIE,2020,09,1624
18,PODKARPACKIE,2020,10,2914
18,PODKARPACKIE,2020,11,3594
20,PODLASKIE,2020,01,1120
20,PODLASKIE,2020,02,1080
20,PODLASKIE,2020,03,1165
20,PODLASKIE,2020,04,1016
20,PODLASKIE,2020,05,1027
20,PODLASKIE,2020,06,956
20,PODLASKIE,2020,07,1028
20,PODLASKIE,2020,08,963
20,PODLASKIE,2020,09,1041
20,PODLASKIE,2020,10,1478
20,PODLASKIE,2020,11,2031
22,POMORSKIE,2020,01,2027
22,POMORSKIE,2020,02,2002
22,POMORSKIE,2020,03,2046
22,POMORSKIE,2020,04,1808
22,POMORSKIE,2020,05,1835
22,POMORSKIE,2020,06,1815
22,POMORSKIE,2020,07,1853
22,POMORSKIE,2020,08,1894
22,POMORSKIE,2020,09,1959
22,POMORSKIE,2020,10,2538
22,POMORSKIE,2020,11,3296
24,ŚLĄSKIE,2020,01,4689
24,ŚLĄSKIE,2020,02,4612
24,ŚLĄSKIE,2020,03,4735
24,ŚLĄSKIE,2020,04,4296
24,ŚLĄSKIE,2020,05,4355
24,ŚLĄSKIE,2020,06,4104
24,ŚLĄSKIE,2020,07,4245
24,ŚLĄSKIE,2020,08,4514
24,ŚLĄSKIE,2020,09,4299
24,ŚLĄSKIE,2020,10,6282
24,ŚLĄSKIE,2020,11,7736
26,ŚWIĘTOKRZYSKIE,2020,01,1264
26,ŚWIĘTOKRZYSKIE,2020,02,1279
26,ŚWIĘTOKRZYSKIE,2020,03,1418
26,ŚWIĘTOKRZYSKIE,2020,04,1195
26,ŚWIĘTOKRZYSKIE,2020,05,1192
26,ŚWIĘTOKRZYSKIE,2020,06,1186
26,ŚWIĘTOKRZYSKIE,2020,07,1137
26,ŚWIĘTOKRZYSKIE,2020,08,1171
26,ŚWIĘTOKRZYSKIE,2020,09,1190
26,ŚWIĘTOKRZYSKIE,2020,10,2009
26,ŚWIĘTOKRZYSKIE,2020,11,2379
28,WARMIŃSKO-MAZURSKIE,2020,01,1246
28,WARMIŃSKO-MAZURSKIE,2020,02,1127
28,WARMIŃSKO-MAZURSKIE,2020,03,1279
28,WARMIŃSKO-MAZURSKIE,2020,04,1203
28,WARMIŃSKO-MAZURSKIE,2020,05,1232
28,WARMIŃSKO-MAZURSKIE,2020,06,1116
28,WARMIŃSKO-MAZURSKIE,2020,07,1218
28,WARMIŃSKO-MAZURSKIE,2020,08,1236
28,WARMIŃSKO-MAZURSKIE,2020,09,1195
28,WARMIŃSKO-MAZURSKIE,2020,10,1568
28,WARMIŃSKO-MAZURSKIE,2020,11,2110
30,WIELKOPOLSKIE,2020,01,3118
30,WIELKOPOLSKIE,2020,02,2876
30,WIELKOPOLSKIE,2020,03,2998
30,WIELKOPOLSKIE,2020,04,2909
30,WIELKOPOLSKIE,2020,05,2848
30,WIELKOPOLSKIE,2020,06,2729
30,WIELKOPOLSKIE,2020,07,2811
30,WIELKOPOLSKIE,2020,08,2956
30,WIELKOPOLSKIE,2020,09,2885
30,WIELKOPOLSKIE,2020,10,4022
30,WIELKOPOLSKIE,2020,11,5344
32,ZACHODNIOPOMORSKIE,2020,01,1665
32,ZACHODNIOPOMORSKIE,2020,02,1552
32,ZACHODNIOPOMORSKIE,2020,03,1632
32,ZACHODNIOPOMORSKIE,2020,04,1558
32,ZACHODNIOPOMORSKIE,2020,05,1480
32,ZACHODNIOPOMORSKIE,2020,06,1477
32,ZACHODNIOPOMORSKIE,2020,07,1537
32,ZACHODNIOPOMORSKIE,2020,08,1652
32,ZACHODNIOPOMORSKIE,2020,09,1511
32,ZACHODNIOPOMORSKIE,2020,10,1881
32,ZACHODNIOPOMORSKIE,2020,11,2464
02,DOLNOŚLĄSKIE,2019,01,3012
02,DOLNOŚLĄSKIE,2019,02,2983
02,DOLNOŚLĄSKIE,2019,03,2897
02,DOLNOŚLĄSKIE,2019,04,2645
02,DOLNOŚLĄSKIE,2019,05,2595
02,DOLNOŚLĄSKIE,2019,06,2590
02,DOLNOŚLĄSKIE,2019,07,2590
02,DOLNOŚLĄSKIE,2019,08,2593
02,DOLNOŚLĄSKIE,2019,09,2464
02,DOLNOŚLĄSKIE,2019,10,2710
02,DOLNOŚLĄSKIE,2019,11,2636
02,DOLNOŚLĄSKIE,2019,12,2825
04,KUJAWSKO-POMORSKIE,2019,01,2032
04,KUJAWSKO-POMORSKIE,2019,02,1921
04,KUJAWSKO-POMORSKIE,2019,03,1979
04,KUJAWSKO-POMORSKIE,2019,04,1852
04,KUJAWSKO-POMORSKIE,2019,05,1850
04,KUJAWSKO-POMORSKIE,2019,06,1734
04,KUJAWSKO-POMORSKIE,2019,07,1792
04,KUJAWSKO-POMORSKIE,2019,08,1717
04,KUJAWSKO-POMORSKIE,2019,09,1629
04,KUJAWSKO-POMORSKIE,2019,10,1831
04,KUJAWSKO-POMORSKIE,2019,11,1796
04,KUJAWSKO-POMORSKIE,2019,12,1885
06,LUBELSKIE,2019,01,2166
06,LUBELSKIE,2019,02,2036
06,LUBELSKIE,2019,03,1963
06,LUBELSKIE,2019,04,1825
06,LUBELSKIE,2019,05,1848
06,LUBELSKIE,2019,06,1845
06,LUBELSKIE,2019,07,1823
06,LUBELSKIE,2019,08,1755
06,LUBELSKIE,2019,09,1737
06,LUBELSKIE,2019,10,1853
06,LUBELSKIE,2019,11,1864
06,LUBELSKIE,2019,12,2031
08,LUBUSKIE,2019,01,978
08,LUBUSKIE,2019,02,1004
08,LUBUSKIE,2019,03,923
08,LUBUSKIE,2019,04,858
08,LUBUSKIE,2019,05,878
08,LUBUSKIE,2019,06,902
08,LUBUSKIE,2019,07,886
08,LUBUSKIE,2019,08,863
08,LUBUSKIE,2019,09,878
08,LUBUSKIE,2019,10,953
08,LUBUSKIE,2019,11,918
08,LUBUSKIE,2019,12,1080
10,ŁÓDZKIE,2019,01,2919
10,ŁÓDZKIE,2019,02,2711
10,ŁÓDZKIE,2019,03,2605
10,ŁÓDZKIE,2019,04,2488
10,ŁÓDZKIE,2019,05,2400
10,ŁÓDZKIE,2019,06,2475
10,ŁÓDZKIE,2019,07,2525
10,ŁÓDZKIE,2019,08,2374
10,ŁÓDZKIE,2019,09,2298
10,ŁÓDZKIE,2019,10,2520
10,ŁÓDZKIE,2019,11,2360
10,ŁÓDZKIE,2019,12,2656
12,MAŁOPOLSKIE,2019,01,3322
12,MAŁOPOLSKIE,2019,02,2985
12,MAŁOPOLSKIE,2019,03,2893
12,MAŁOPOLSKIE,2019,04,2708
12,MAŁOPOLSKIE,2019,05,2612
12,MAŁOPOLSKIE,2019,06,2703
12,MAŁOPOLSKIE,2019,07,2639
12,MAŁOPOLSKIE,2019,08,2467
12,MAŁOPOLSKIE,2019,09,2578
12,MAŁOPOLSKIE,2019,10,2869
12,MAŁOPOLSKIE,2019,11,2611
12,MAŁOPOLSKIE,2019,12,2960
14,MAZOWIECKIE,2019,01,5567
14,MAZOWIECKIE,2019,02,5009
14,MAZOWIECKIE,2019,03,5272
14,MAZOWIECKIE,2019,04,4966
14,MAZOWIECKIE,2019,05,4829
14,MAZOWIECKIE,2019,06,4685
14,MAZOWIECKIE,2019,07,4602
14,MAZOWIECKIE,2019,08,4478
14,MAZOWIECKIE,2019,09,4491
14,MAZOWIECKIE,2019,10,4865
14,MAZOWIECKIE,2019,11,4679
14,MAZOWIECKIE,2019,12,5222
16,OPOLSKIE,2019,01,1063
16,OPOLSKIE,2019,02,988
16,OPOLSKIE,2019,03,923
16,OPOLSKIE,2019,04,866
16,OPOLSKIE,2019,05,841
16,OPOLSKIE,2019,06,830
16,OPOLSKIE,2019,07,839
16,OPOLSKIE,2019,08,819
16,OPOLSKIE,2019,09,835
16,OPOLSKIE,2019,10,896
16,OPOLSKIE,2019,11,881
16,OPOLSKIE,2019,12,919
18,PODKARPACKIE,2019,01,2040
18,PODKARPACKIE,2019,02,1773
18,PODKARPACKIE,2019,03,1767
18,PODKARPACKIE,2019,04,1634
18,PODKARPACKIE,2019,05,1606
18,PODKARPACKIE,2019,06,1528
18,PODKARPACKIE,2019,07,1596
18,PODKARPACKIE,2019,08,1527
18,PODKARPACKIE,2019,09,1505
18,PODKARPACKIE,2019,10,1578
18,PODKARPACKIE,2019,11,1649
18,PODKARPACKIE,2019,12,1750
20,PODLASKIE,2019,01,1195
20,PODLASKIE,2019,02,1123
20,PODLASKIE,2019,03,1051
20,PODLASKIE,2019,04,1072
20,PODLASKIE,2019,05,1077
20,PODLASKIE,2019,06,1043
20,PODLASKIE,2019,07,1000
20,PODLASKIE,2019,08,926
20,PODLASKIE,2019,09,977
20,PODLASKIE,2019,10,992
20,PODLASKIE,2019,11,966
20,PODLASKIE,2019,12,1027
22,POMORSKIE,2019,01,2132
22,POMORSKIE,2019,02,2030
22,POMORSKIE,2019,03,1969
22,POMORSKIE,2019,04,1857
22,POMORSKIE,2019,05,1896
22,POMORSKIE,2019,06,1795
22,POMORSKIE,2019,07,1830
22,POMORSKIE,2019,08,1817
22,POMORSKIE,2019,09,1794
22,POMORSKIE,2019,10,1906
22,POMORSKIE,2019,11,1868
22,POMORSKIE,2019,12,1959
24,ŚLĄSKIE,2019,01,5050
24,ŚLĄSKIE,2019,02,4702
24,ŚLĄSKIE,2019,03,4512
24,ŚLĄSKIE,2019,04,4133
24,ŚLĄSKIE,2019,05,4228
24,ŚLĄSKIE,2019,06,4211
24,ŚLĄSKIE,2019,07,4191
24,ŚLĄSKIE,2019,08,4051
24,ŚLĄSKIE,2019,09,4013
24,ŚLĄSKIE,2019,10,4276
24,ŚLĄSKIE,2019,11,4155
24,ŚLĄSKIE,2019,12,4504
26,ŚWIĘTOKRZYSKIE,2019,01,1344
26,ŚWIĘTOKRZYSKIE,2019,02,1305
26,ŚWIĘTOKRZYSKIE,2019,03,1275
26,ŚWIĘTOKRZYSKIE,2019,04,1147
26,ŚWIĘTOKRZYSKIE,2019,05,1221
26,ŚWIĘTOKRZYSKIE,2019,06,1205
26,ŚWIĘTOKRZYSKIE,2019,07,1116
26,ŚWIĘTOKRZYSKIE,2019,08,1110
26,ŚWIĘTOKRZYSKIE,2019,09,1116
26,ŚWIĘTOKRZYSKIE,2019,10,1245
26,ŚWIĘTOKRZYSKIE,2019,11,1135
26,ŚWIĘTOKRZYSKIE,2019,12,1287
28,WARMIŃSKO-MAZURSKIE,2019,01,1359
28,WARMIŃSKO-MAZURSKIE,2019,02,1249
28,WARMIŃSKO-MAZURSKIE,2019,03,1302
28,WARMIŃSKO-MAZURSKIE,2019,04,1189
28,WARMIŃSKO-MAZURSKIE,2019,05,1238
28,WARMIŃSKO-MAZURSKIE,2019,06,1245
28,WARMIŃSKO-MAZURSKIE,2019,07,1221
28,WARMIŃSKO-MAZURSKIE,2019,08,1207
28,WARMIŃSKO-MAZURSKIE,2019,09,1155
28,WARMIŃSKO-MAZURSKIE,2019,10,1241
28,WARMIŃSKO-MAZURSKIE,2019,11,1112
28,WARMIŃSKO-MAZURSKIE,2019,12,1215
30,WIELKOPOLSKIE,2019,01,3268
30,WIELKOPOLSKIE,2019,02,2978
30,WIELKOPOLSKIE,2019,03,3084
30,WIELKOPOLSKIE,2019,04,2828
30,WIELKOPOLSKIE,2019,05,2687
30,WIELKOPOLSKIE,2019,06,2771
30,WIELKOPOLSKIE,2019,07,2711
30,WIELKOPOLSKIE,2019,08,2772
30,WIELKOPOLSKIE,2019,09,2775
30,WIELKOPOLSKIE,2019,10,2845
30,WIELKOPOLSKIE,2019,11,2728
30,WIELKOPOLSKIE,2019,12,3062
32,ZACHODNIOPOMORSKIE,2019,01,1573
32,ZACHODNIOPOMORSKIE,2019,02,1585
32,ZACHODNIOPOMORSKIE,2019,03,1702
32,ZACHODNIOPOMORSKIE,2019,04,1546
32,ZACHODNIOPOMORSKIE,2019,05,1423
32,ZACHODNIOPOMORSKIE,2019,06,1517
32,ZACHODNIOPOMORSKIE,2019,07,1461
32,ZACHODNIOPOMORSKIE,2019,08,1495
32,ZACHODNIOPOMORSKIE,2019,09,1476
32,ZACHODNIOPOMORSKIE,2019,10,1598
32,ZACHODNIOPOMORSKIE,2019,11,1451
32,ZACHODNIOPOMORSKIE,2019,12,1657
02,DOLNOŚLĄSKIE,2018,01,2932
02,DOLNOŚLĄSKIE,2018,02,2735
02,DOLNOŚLĄSKIE,2018,03,3427
02,DOLNOŚLĄSKIE,2018,04,2720
02,DOLNOŚLĄSKIE,2018,05,2621
02,DOLNOŚLĄSKIE,2018,06,2434
02,DOLNOŚLĄSKIE,2018,07,2648
02,DOLNOŚLĄSKIE,2018,08,2571
02,DOLNOŚLĄSKIE,2018,09,2423
02,DOLNOŚLĄSKIE,2018,10,2722
02,DOLNOŚLĄSKIE,2018,11,2601
02,DOLNOŚLĄSKIE,2018,12,2893
04,KUJAWSKO-POMORSKIE,2018,01,2110
04,KUJAWSKO-POMORSKIE,2018,02,2083
04,KUJAWSKO-POMORSKIE,2018,03,2280
04,KUJAWSKO-POMORSKIE,2018,04,1909
04,KUJAWSKO-POMORSKIE,2018,05,1674
04,KUJAWSKO-POMORSKIE,2018,06,1618
04,KUJAWSKO-POMORSKIE,2018,07,1767
04,KUJAWSKO-POMORSKIE,2018,08,1809
04,KUJAWSKO-POMORSKIE,2018,09,1701
04,KUJAWSKO-POMORSKIE,2018,10,1767
04,KUJAWSKO-POMORSKIE,2018,11,1802
04,KUJAWSKO-POMORSKIE,2018,12,1889
06,LUBELSKIE,2018,01,2432
06,LUBELSKIE,2018,02,2137
06,LUBELSKIE,2018,03,2134
06,LUBELSKIE,2018,04,1917
06,LUBELSKIE,2018,05,1854
06,LUBELSKIE,2018,06,1718
06,LUBELSKIE,2018,07,1816
06,LUBELSKIE,2018,08,1814
06,LUBELSKIE,2018,09,1745
06,LUBELSKIE,2018,10,1926
06,LUBELSKIE,2018,11,1901
06,LUBELSKIE,2018,12,2032
08,LUBUSKIE,2018,01,988
08,LUBUSKIE,2018,02,1028
08,LUBUSKIE,2018,03,1173
08,LUBUSKIE,2018,04,912
08,LUBUSKIE,2018,05,840
08,LUBUSKIE,2018,06,805
08,LUBUSKIE,2018,07,826
08,LUBUSKIE,2018,08,815
08,LUBUSKIE,2018,09,874
08,LUBUSKIE,2018,10,911
08,LUBUSKIE,2018,11,859
08,LUBUSKIE,2018,12,978
10,ŁÓDZKIE,2018,01,2709
10,ŁÓDZKIE,2018,02,2795
10,ŁÓDZKIE,2018,03,3279
10,ŁÓDZKIE,2018,04,2662
10,ŁÓDZKIE,2018,05,2442
10,ŁÓDZKIE,2018,06,2319
10,ŁÓDZKIE,2018,07,2421
10,ŁÓDZKIE,2018,08,2467
10,ŁÓDZKIE,2018,09,2381
10,ŁÓDZKIE,2018,10,2517
10,ŁÓDZKIE,2018,11,2486
10,ŁÓDZKIE,2018,12,2631
12,MAŁOPOLSKIE,2018,01,2906
12,MAŁOPOLSKIE,2018,02,3142
12,MAŁOPOLSKIE,2018,03,3119
12,MAŁOPOLSKIE,2018,04,2613
12,MAŁOPOLSKIE,2018,05,2594
12,MAŁOPOLSKIE,2018,06,2593
12,MAŁOPOLSKIE,2018,07,2607
12,MAŁOPOLSKIE,2018,08,2464
12,MAŁOPOLSKIE,2018,09,2530
12,MAŁOPOLSKIE,2018,10,2683
12,MAŁOPOLSKIE,2018,11,2578
12,MAŁOPOLSKIE,2018,12,2939
14,MAZOWIECKIE,2018,01,5532
14,MAZOWIECKIE,2018,02,5197
14,MAZOWIECKIE,2018,03,5898
14,MAZOWIECKIE,2018,04,5031
14,MAZOWIECKIE,2018,05,4674
14,MAZOWIECKIE,2018,06,4361
14,MAZOWIECKIE,2018,07,4741
14,MAZOWIECKIE,2018,08,4479
14,MAZOWIECKIE,2018,09,4477
14,MAZOWIECKIE,2018,10,4999
14,MAZOWIECKIE,2018,11,4742
14,MAZOWIECKIE,2018,12,5390
16,OPOLSKIE,2018,01,1017
16,OPOLSKIE,2018,02,965
16,OPOLSKIE,2018,03,1116
16,OPOLSKIE,2018,04,901
16,OPOLSKIE,2018,05,831
16,OPOLSKIE,2018,06,775
16,OPOLSKIE,2018,07,833
16,OPOLSKIE,2018,08,854
16,OPOLSKIE,2018,09,777
16,OPOLSKIE,2018,10,883
16,OPOLSKIE,2018,11,895
16,OPOLSKIE,2018,12,868
18,PODKARPACKIE,2018,01,1788
18,PODKARPACKIE,2018,02,1646
18,PODKARPACKIE,2018,03,1827
18,PODKARPACKIE,2018,04,1602
18,PODKARPACKIE,2018,05,1515
18,PODKARPACKIE,2018,06,1476
18,PODKARPACKIE,2018,07,1534
18,PODKARPACKIE,2018,08,1450
18,PODKARPACKIE,2018,09,1452
18,PODKARPACKIE,2018,10,1694
18,PODKARPACKIE,2018,11,1616
18,PODKARPACKIE,2018,12,1764
20,PODLASKIE,2018,01,1238
20,PODLASKIE,2018,02,1261
20,PODLASKIE,2018,03,1313
20,PODLASKIE,2018,04,1096
20,PODLASKIE,2018,05,1005
20,PODLASKIE,2018,06,897
20,PODLASKIE,2018,07,982
20,PODLASKIE,2018,08,938
20,PODLASKIE,2018,09,934
20,PODLASKIE,2018,10,1054
20,PODLASKIE,2018,11,1021
20,PODLASKIE,2018,12,1092
22,POMORSKIE,2018,01,2151
22,POMORSKIE,2018,02,1913
22,POMORSKIE,2018,03,2253
22,POMORSKIE,2018,04,1932
22,POMORSKIE,2018,05,1747
22,POMORSKIE,2018,06,1722
22,POMORSKIE,2018,07,1852
22,POMORSKIE,2018,08,1769
22,POMORSKIE,2018,09,1734
22,POMORSKIE,2018,10,1887
22,POMORSKIE,2018,11,1764
22,POMORSKIE,2018,12,1973
24,ŚLĄSKIE,2018,01,4712
24,ŚLĄSKIE,2018,02,4745
24,ŚLĄSKIE,2018,03,5284
24,ŚLĄSKIE,2018,04,4341
24,ŚLĄSKIE,2018,05,4030
24,ŚLĄSKIE,2018,06,3876
24,ŚLĄSKIE,2018,07,4185
24,ŚLĄSKIE,2018,08,3909
24,ŚLĄSKIE,2018,09,4072
24,ŚLĄSKIE,2018,10,4408
24,ŚLĄSKIE,2018,11,4218
24,ŚLĄSKIE,2018,12,4478
26,ŚWIĘTOKRZYSKIE,2018,01,1317
26,ŚWIĘTOKRZYSKIE,2018,02,1321
26,ŚWIĘTOKRZYSKIE,2018,03,1485
26,ŚWIĘTOKRZYSKIE,2018,04,1213
26,ŚWIĘTOKRZYSKIE,2018,05,1134
26,ŚWIĘTOKRZYSKIE,2018,06,1094
26,ŚWIĘTOKRZYSKIE,2018,07,1124
26,ŚWIĘTOKRZYSKIE,2018,08,1116
26,ŚWIĘTOKRZYSKIE,2018,09,1096
26,ŚWIĘTOKRZYSKIE,2018,10,1206
26,ŚWIĘTOKRZYSKIE,2018,11,1169
26,ŚWIĘTOKRZYSKIE,2018,12,1360
28,WARMIŃSKO-MAZURSKIE,2018,01,1261
28,WARMIŃSKO-MAZURSKIE,2018,02,1330
28,WARMIŃSKO-MAZURSKIE,2018,03,1540
28,WARMIŃSKO-MAZURSKIE,2018,04,1325
28,WARMIŃSKO-MAZURSKIE,2018,05,1207
28,WARMIŃSKO-MAZURSKIE,2018,06,1074
28,WARMIŃSKO-MAZURSKIE,2018,07,1196
28,WARMIŃSKO-MAZURSKIE,2018,08,1205
28,WARMIŃSKO-MAZURSKIE,2018,09,1070
28,WARMIŃSKO-MAZURSKIE,2018,10,1204
28,WARMIŃSKO-MAZURSKIE,2018,11,1068
28,WARMIŃSKO-MAZURSKIE,2018,12,1294
30,WIELKOPOLSKIE,2018,01,3107
30,WIELKOPOLSKIE,2018,02,3246
30,WIELKOPOLSKIE,2018,03,3659
30,WIELKOPOLSKIE,2018,04,2893
30,WIELKOPOLSKIE,2018,05,2862
30,WIELKOPOLSKIE,2018,06,2606
30,WIELKOPOLSKIE,2018,07,2698
30,WIELKOPOLSKIE,2018,08,2772
30,WIELKOPOLSKIE,2018,09,2634
30,WIELKOPOLSKIE,2018,10,2921
30,WIELKOPOLSKIE,2018,11,2786
30,WIELKOPOLSKIE,2018,12,3137
32,ZACHODNIOPOMORSKIE,2018,01,1622
32,ZACHODNIOPOMORSKIE,2018,02,1536
32,ZACHODNIOPOMORSKIE,2018,03,2000
32,ZACHODNIOPOMORSKIE,2018,04,1572
32,ZACHODNIOPOMORSKIE,2018,05,1422
32,ZACHODNIOPOMORSKIE,2018,06,1384
32,ZACHODNIOPOMORSKIE,2018,07,1511
32,ZACHODNIOPOMORSKIE,2018,08,1445
32,ZACHODNIOPOMORSKIE,2018,09,1430
32,ZACHODNIOPOMORSKIE,2018,10,1492
32,ZACHODNIOPOMORSKIE,2018,11,1455
32,ZACHODNIOPOMORSKIE,2018,12,1641
02,DOLNOŚLĄSKIE,2017,01,3482
02,DOLNOŚLĄSKIE,2017,02,3017
02,DOLNOŚLĄSKIE,2017,03,2678
02,DOLNOŚLĄSKIE,2017,04,2540
02,DOLNOŚLĄSKIE,2017,05,2504
02,DOLNOŚLĄSKIE,2017,06,2361
02,DOLNOŚLĄSKIE,2017,07,2424
02,DOLNOŚLĄSKIE,2017,08,2559
02,DOLNOŚLĄSKIE,2017,09,2411
02,DOLNOŚLĄSKIE,2017,10,2678
02,DOLNOŚLĄSKIE,2017,11,2556
02,DOLNOŚLĄSKIE,2017,12,2800
04,KUJAWSKO-POMORSKIE,2017,01,2016
04,KUJAWSKO-POMORSKIE,2017,02,2070
04,KUJAWSKO-POMORSKIE,2017,03,1830
04,KUJAWSKO-POMORSKIE,2017,04,1676
04,KUJAWSKO-POMORSKIE,2017,05,1726
04,KUJAWSKO-POMORSKIE,2017,06,1528
04,KUJAWSKO-POMORSKIE,2017,07,1684
04,KUJAWSKO-POMORSKIE,2017,08,1709
04,KUJAWSKO-POMORSKIE,2017,09,1659
04,KUJAWSKO-POMORSKIE,2017,10,1751
04,KUJAWSKO-POMORSKIE,2017,11,1720
04,KUJAWSKO-POMORSKIE,2017,12,1918
06,LUBELSKIE,2017,01,2615
06,LUBELSKIE,2017,02,1968
06,LUBELSKIE,2017,03,2011
06,LUBELSKIE,2017,04,1831
06,LUBELSKIE,2017,05,1838
06,LUBELSKIE,2017,06,1765
06,LUBELSKIE,2017,07,1748
06,LUBELSKIE,2017,08,1745
06,LUBELSKIE,2017,09,1764
06,LUBELSKIE,2017,10,1966
06,LUBELSKIE,2017,11,1894
06,LUBELSKIE,2017,12,2067
08,LUBUSKIE,2017,01,1052
08,LUBUSKIE,2017,02,963
08,LUBUSKIE,2017,03,875
08,LUBUSKIE,2017,04,805
08,LUBUSKIE,2017,05,830
08,LUBUSKIE,2017,06,753
08,LUBUSKIE,2017,07,792
08,LUBUSKIE,2017,08,788
08,LUBUSKIE,2017,09,860
08,LUBUSKIE,2017,10,932
08,LUBUSKIE,2017,11,856
08,LUBUSKIE,2017,12,932
10,ŁÓDZKIE,2017,01,3536
10,ŁÓDZKIE,2017,02,2789
10,ŁÓDZKIE,2017,03,2694
10,ŁÓDZKIE,2017,04,2455
10,ŁÓDZKIE,2017,05,2451
10,ŁÓDZKIE,2017,06,2292
10,ŁÓDZKIE,2017,07,2350
10,ŁÓDZKIE,2017,08,2376
10,ŁÓDZKIE,2017,09,2267
10,ŁÓDZKIE,2017,10,2685
10,ŁÓDZKIE,2017,11,2427
10,ŁÓDZKIE,2017,12,2651
12,MAŁOPOLSKIE,2017,01,3697
12,MAŁOPOLSKIE,2017,02,2901
12,MAŁOPOLSKIE,2017,03,2777
12,MAŁOPOLSKIE,2017,04,2547
12,MAŁOPOLSKIE,2017,05,2563
12,MAŁOPOLSKIE,2017,06,2416
12,MAŁOPOLSKIE,2017,07,2509
12,MAŁOPOLSKIE,2017,08,2457
12,MAŁOPOLSKIE,2017,09,2401
12,MAŁOPOLSKIE,2017,10,2692
12,MAŁOPOLSKIE,2017,11,2599
12,MAŁOPOLSKIE,2017,12,2749
14,MAZOWIECKIE,2017,01,6473
14,MAZOWIECKIE,2017,02,5253
14,MAZOWIECKIE,2017,03,5009
14,MAZOWIECKIE,2017,04,4696
14,MAZOWIECKIE,2017,05,4611
14,MAZOWIECKIE,2017,06,4274
14,MAZOWIECKIE,2017,07,4352
14,MAZOWIECKIE,2017,08,4441
14,MAZOWIECKIE,2017,09,4467
14,MAZOWIECKIE,2017,10,5080
14,MAZOWIECKIE,2017,11,4656
14,MAZOWIECKIE,2017,12,5094
16,OPOLSKIE,2017,01,1347
16,OPOLSKIE,2017,02,1098
16,OPOLSKIE,2017,03,914
16,OPOLSKIE,2017,04,840
16,OPOLSKIE,2017,05,837
16,OPOLSKIE,2017,06,819
16,OPOLSKIE,2017,07,756
16,OPOLSKIE,2017,08,844
16,OPOLSKIE,2017,09,795
16,OPOLSKIE,2017,10,882
16,OPOLSKIE,2017,11,850
16,OPOLSKIE,2017,12,972
18,PODKARPACKIE,2017,01,2212
18,PODKARPACKIE,2017,02,1672
18,PODKARPACKIE,2017,03,1591
18,PODKARPACKIE,2017,04,1590
18,PODKARPACKIE,2017,05,1522
18,PODKARPACKIE,2017,06,1455
18,PODKARPACKIE,2017,07,1466
18,PODKARPACKIE,2017,08,1439
18,PODKARPACKIE,2017,09,1448
18,PODKARPACKIE,2017,10,1685
18,PODKARPACKIE,2017,11,1502
18,PODKARPACKIE,2017,12,1673
20,PODLASKIE,2017,01,1328
20,PODLASKIE,2017,02,1209
20,PODLASKIE,2017,03,1113
20,PODLASKIE,2017,04,929
20,PODLASKIE,2017,05,1003
20,PODLASKIE,2017,06,937
20,PODLASKIE,2017,07,984
20,PODLASKIE,2017,08,920
20,PODLASKIE,2017,09,957
20,PODLASKIE,2017,10,1060
20,PODLASKIE,2017,11,1010
20,PODLASKIE,2017,12,1069
22,POMORSKIE,2017,01,2139
22,POMORSKIE,2017,02,2062
22,POMORSKIE,2017,03,1957
22,POMORSKIE,2017,04,1713
22,POMORSKIE,2017,05,1741
22,POMORSKIE,2017,06,1644
22,POMORSKIE,2017,07,1680
22,POMORSKIE,2017,08,1745
22,POMORSKIE,2017,09,1705
22,POMORSKIE,2017,10,1908
22,POMORSKIE,2017,11,1766
22,POMORSKIE,2017,12,1978
24,ŚLĄSKIE,2017,01,5817
24,ŚLĄSKIE,2017,02,4765
24,ŚLĄSKIE,2017,03,4474
24,ŚLĄSKIE,2017,04,4154
24,ŚLĄSKIE,2017,05,4031
24,ŚLĄSKIE,2017,06,3834
24,ŚLĄSKIE,2017,07,3920
24,ŚLĄSKIE,2017,08,3849
24,ŚLĄSKIE,2017,09,3961
24,ŚLĄSKIE,2017,10,4337
24,ŚLĄSKIE,2017,11,4220
24,ŚLĄSKIE,2017,12,4523
26,ŚWIĘTOKRZYSKIE,2017,01,1612
26,ŚWIĘTOKRZYSKIE,2017,02,1274
26,ŚWIĘTOKRZYSKIE,2017,03,1222
26,ŚWIĘTOKRZYSKIE,2017,04,1125
26,ŚWIĘTOKRZYSKIE,2017,05,1129
26,ŚWIĘTOKRZYSKIE,2017,06,1086
26,ŚWIĘTOKRZYSKIE,2017,07,1078
26,ŚWIĘTOKRZYSKIE,2017,08,1083
26,ŚWIĘTOKRZYSKIE,2017,09,1053
26,ŚWIĘTOKRZYSKIE,2017,10,1206
26,ŚWIĘTOKRZYSKIE,2017,11,1143
26,ŚWIĘTOKRZYSKIE,2017,12,1260
28,WARMIŃSKO-MAZURSKIE,2017,01,1471
28,WARMIŃSKO-MAZURSKIE,2017,02,1375
28,WARMIŃSKO-MAZURSKIE,2017,03,1262
28,WARMIŃSKO-MAZURSKIE,2017,04,1074
28,WARMIŃSKO-MAZURSKIE,2017,05,1118
28,WARMIŃSKO-MAZURSKIE,2017,06,1042
28,WARMIŃSKO-MAZURSKIE,2017,07,1108
28,WARMIŃSKO-MAZURSKIE,2017,08,1085
28,WARMIŃSKO-MAZURSKIE,2017,09,1164
28,WARMIŃSKO-MAZURSKIE,2017,10,1266
28,WARMIŃSKO-MAZURSKIE,2017,11,1161
28,WARMIŃSKO-MAZURSKIE,2017,12,1240
30,WIELKOPOLSKIE,2017,01,3341
30,WIELKOPOLSKIE,2017,02,3274
30,WIELKOPOLSKIE,2017,03,2918
30,WIELKOPOLSKIE,2017,04,2630
30,WIELKOPOLSKIE,2017,05,2650
30,WIELKOPOLSKIE,2017,06,2522
30,WIELKOPOLSKIE,2017,07,2603
30,WIELKOPOLSKIE,2017,08,2576
30,WIELKOPOLSKIE,2017,09,2650
30,WIELKOPOLSKIE,2017,10,2805
30,WIELKOPOLSKIE,2017,11,2650
30,WIELKOPOLSKIE,2017,12,3004
32,ZACHODNIOPOMORSKIE,2017,01,1640
32,ZACHODNIOPOMORSKIE,2017,02,1662
32,ZACHODNIOPOMORSKIE,2017,03,1577
32,ZACHODNIOPOMORSKIE,2017,04,1427
32,ZACHODNIOPOMORSKIE,2017,05,1418
32,ZACHODNIOPOMORSKIE,2017,06,1427
32,ZACHODNIOPOMORSKIE,2017,07,1394
32,ZACHODNIOPOMORSKIE,2017,08,1381
32,ZACHODNIOPOMORSKIE,2017,09,1367
32,ZACHODNIOPOMORSKIE,2017,10,1493
32,ZACHODNIOPOMORSKIE,2017,11,1453
32,ZACHODNIOPOMORSKIE,2017,12,1620
02,DOLNOŚLĄSKIE,2016,01,2758
02,DOLNOŚLĄSKIE,2016,02,2650
02,DOLNOŚLĄSKIE,2016,03,2693
02,DOLNOŚLĄSKIE,2016,04,2457
02,DOLNOŚLĄSKIE,2016,05,2504
02,DOLNOŚLĄSKIE,2016,06,2265
02,DOLNOŚLĄSKIE,2016,07,2384
02,DOLNOŚLĄSKIE,2016,08,2482
02,DOLNOŚLĄSKIE,2016,09,2352
02,DOLNOŚLĄSKIE,2016,10,2650
02,DOLNOŚLĄSKIE,2016,11,2574
02,DOLNOŚLĄSKIE,2016,12,2731
04,KUJAWSKO-POMORSKIE,2016,01,1819
04,KUJAWSKO-POMORSKIE,2016,02,1665
04,KUJAWSKO-POMORSKIE,2016,03,2000
04,KUJAWSKO-POMORSKIE,2016,04,1720
04,KUJAWSKO-POMORSKIE,2016,05,1752
04,KUJAWSKO-POMORSKIE,2016,06,1507
04,KUJAWSKO-POMORSKIE,2016,07,1580
04,KUJAWSKO-POMORSKIE,2016,08,1589
04,KUJAWSKO-POMORSKIE,2016,09,1562
04,KUJAWSKO-POMORSKIE,2016,10,1724
04,KUJAWSKO-POMORSKIE,2016,11,1730
04,KUJAWSKO-POMORSKIE,2016,12,1796
06,LUBELSKIE,2016,01,2082
06,LUBELSKIE,2016,02,1885
06,LUBELSKIE,2016,03,1955
06,LUBELSKIE,2016,04,1778
06,LUBELSKIE,2016,05,1826
06,LUBELSKIE,2016,06,1717
06,LUBELSKIE,2016,07,1724
06,LUBELSKIE,2016,08,1656
06,LUBELSKIE,2016,09,1668
06,LUBELSKIE,2016,10,1970
06,LUBELSKIE,2016,11,1808
06,LUBELSKIE,2016,12,2090
08,LUBUSKIE,2016,01,903
08,LUBUSKIE,2016,02,864
08,LUBUSKIE,2016,03,964
08,LUBUSKIE,2016,04,829
08,LUBUSKIE,2016,05,828
08,LUBUSKIE,2016,06,746
08,LUBUSKIE,2016,07,815
08,LUBUSKIE,2016,08,807
08,LUBUSKIE,2016,09,734
08,LUBUSKIE,2016,10,847
08,LUBUSKIE,2016,11,831
08,LUBUSKIE,2016,12,927
10,ŁÓDZKIE,2016,01,2741
10,ŁÓDZKIE,2016,02,2595
10,ŁÓDZKIE,2016,03,2728
10,ŁÓDZKIE,2016,04,2494
10,ŁÓDZKIE,2016,05,2445
10,ŁÓDZKIE,2016,06,2301
10,ŁÓDZKIE,2016,07,2325
10,ŁÓDZKIE,2016,08,2292
10,ŁÓDZKIE,2016,09,2292
10,ŁÓDZKIE,2016,10,2501
10,ŁÓDZKIE,2016,11,2547
10,ŁÓDZKIE,2016,12,2763
12,MAŁOPOLSKIE,2016,01,2847
12,MAŁOPOLSKIE,2016,02,2561
12,MAŁOPOLSKIE,2016,03,2788
12,MAŁOPOLSKIE,2016,04,2559
12,MAŁOPOLSKIE,2016,05,2585
12,MAŁOPOLSKIE,2016,06,2425
12,MAŁOPOLSKIE,2016,07,2449
12,MAŁOPOLSKIE,2016,08,2379
12,MAŁOPOLSKIE,2016,09,2367
12,MAŁOPOLSKIE,2016,10,2681
12,MAŁOPOLSKIE,2016,11,2647
12,MAŁOPOLSKIE,2016,12,2877
14,MAZOWIECKIE,2016,01,5101
14,MAZOWIECKIE,2016,02,4908
14,MAZOWIECKIE,2016,03,5084
14,MAZOWIECKIE,2016,04,4481
14,MAZOWIECKIE,2016,05,4558
14,MAZOWIECKIE,2016,06,4256
14,MAZOWIECKIE,2016,07,4412
14,MAZOWIECKIE,2016,08,4353
14,MAZOWIECKIE,2016,09,4327
14,MAZOWIECKIE,2016,10,4735
14,MAZOWIECKIE,2016,11,4574
14,MAZOWIECKIE,2016,12,5425
16,OPOLSKIE,2016,01,930
16,OPOLSKIE,2016,02,859
16,OPOLSKIE,2016,03,869
16,OPOLSKIE,2016,04,823
16,OPOLSKIE,2016,05,823
16,OPOLSKIE,2016,06,773
16,OPOLSKIE,2016,07,753
16,OPOLSKIE,2016,08,763
16,OPOLSKIE,2016,09,777
16,OPOLSKIE,2016,10,876
16,OPOLSKIE,2016,11,881
16,OPOLSKIE,2016,12,959
18,PODKARPACKIE,2016,01,1754
18,PODKARPACKIE,2016,02,1657
18,PODKARPACKIE,2016,03,1700
18,PODKARPACKIE,2016,04,1578
18,PODKARPACKIE,2016,05,1550
18,PODKARPACKIE,2016,06,1479
18,PODKARPACKIE,2016,07,1447
18,PODKARPACKIE,2016,08,1519
18,PODKARPACKIE,2016,09,1406
18,PODKARPACKIE,2016,10,1634
18,PODKARPACKIE,2016,11,1549
18,PODKARPACKIE,2016,12,1709
20,PODLASKIE,2016,01,1050
20,PODLASKIE,2016,02,1041
20,PODLASKIE,2016,03,1089
20,PODLASKIE,2016,04,968
20,PODLASKIE,2016,05,984
20,PODLASKIE,2016,06,939
20,PODLASKIE,2016,07,1010
20,PODLASKIE,2016,08,974
20,PODLASKIE,2016,09,943
20,PODLASKIE,2016,10,1037
20,PODLASKIE,2016,11,1025
20,PODLASKIE,2016,12,1122
22,POMORSKIE,2016,01,1954
22,POMORSKIE,2016,02,1830
22,POMORSKIE,2016,03,1943
22,POMORSKIE,2016,04,1780
22,POMORSKIE,2016,05,1774
22,POMORSKIE,2016,06,1622
22,POMORSKIE,2016,07,1682
22,POMORSKIE,2016,08,1725
22,POMORSKIE,2016,09,1634
22,POMORSKIE,2016,10,1850
22,POMORSKIE,2016,11,1818
22,POMORSKIE,2016,12,1973
24,ŚLĄSKIE,2016,01,4548
24,ŚLĄSKIE,2016,02,4141
24,ŚLĄSKIE,2016,03,4505
24,ŚLĄSKIE,2016,04,4063
24,ŚLĄSKIE,2016,05,3993
24,ŚLĄSKIE,2016,06,3766
24,ŚLĄSKIE,2016,07,3814
24,ŚLĄSKIE,2016,08,3788
24,ŚLĄSKIE,2016,09,3800
24,ŚLĄSKIE,2016,10,4166
24,ŚLĄSKIE,2016,11,4203
24,ŚLĄSKIE,2016,12,4645
26,ŚWIĘTOKRZYSKIE,2016,01,1184
26,ŚWIĘTOKRZYSKIE,2016,02,1106
26,ŚWIĘTOKRZYSKIE,2016,03,1279
26,ŚWIĘTOKRZYSKIE,2016,04,1121
26,ŚWIĘTOKRZYSKIE,2016,05,1164
26,ŚWIĘTOKRZYSKIE,2016,06,1089
26,ŚWIĘTOKRZYSKIE,2016,07,1121
26,ŚWIĘTOKRZYSKIE,2016,08,1051
26,ŚWIĘTOKRZYSKIE,2016,09,1057
26,ŚWIĘTOKRZYSKIE,2016,10,1208
26,ŚWIĘTOKRZYSKIE,2016,11,1175
26,ŚWIĘTOKRZYSKIE,2016,12,1437
28,WARMIŃSKO-MAZURSKIE,2016,01,1268
28,WARMIŃSKO-MAZURSKIE,2016,02,1149
28,WARMIŃSKO-MAZURSKIE,2016,03,1257
28,WARMIŃSKO-MAZURSKIE,2016,04,1124
28,WARMIŃSKO-MAZURSKIE,2016,05,1163
28,WARMIŃSKO-MAZURSKIE,2016,06,1078
28,WARMIŃSKO-MAZURSKIE,2016,07,1114
28,WARMIŃSKO-MAZURSKIE,2016,08,1123
28,WARMIŃSKO-MAZURSKIE,2016,09,1063
28,WARMIŃSKO-MAZURSKIE,2016,10,1229
28,WARMIŃSKO-MAZURSKIE,2016,11,1150
28,WARMIŃSKO-MAZURSKIE,2016,12,1218
30,WIELKOPOLSKIE,2016,01,2933
30,WIELKOPOLSKIE,2016,02,2759
30,WIELKOPOLSKIE,2016,03,2913
30,WIELKOPOLSKIE,2016,04,2677
30,WIELKOPOLSKIE,2016,05,2691
30,WIELKOPOLSKIE,2016,06,2531
30,WIELKOPOLSKIE,2016,07,2582
30,WIELKOPOLSKIE,2016,08,2521
30,WIELKOPOLSKIE,2016,09,2476
30,WIELKOPOLSKIE,2016,10,2786
30,WIELKOPOLSKIE,2016,11,2751
30,WIELKOPOLSKIE,2016,12,3016
32,ZACHODNIOPOMORSKIE,2016,01,1573
32,ZACHODNIOPOMORSKIE,2016,02,1516
32,ZACHODNIOPOMORSKIE,2016,03,1598
32,ZACHODNIOPOMORSKIE,2016,04,1357
32,ZACHODNIOPOMORSKIE,2016,05,1455
32,ZACHODNIOPOMORSKIE,2016,06,1278
32,ZACHODNIOPOMORSKIE,2016,07,1301
32,ZACHODNIOPOMORSKIE,2016,08,1390
32,ZACHODNIOPOMORSKIE,2016,09,1257
32,ZACHODNIOPOMORSKIE,2016,10,1490
32,ZACHODNIOPOMORSKIE,2016,11,1457
32,ZACHODNIOPOMORSKIE,2016,12,1532
02,DOLNOŚLĄSKIE,2015,09,2356
02,DOLNOŚLĄSKIE,2015,10,2612
02,DOLNOŚLĄSKIE,2015,11,2464
02,DOLNOŚLĄSKIE,2015,12,2679
04,KUJAWSKO-POMORSKIE,2015,09,1507
04,KUJAWSKO-POMORSKIE,2015,10,1679
04,KUJAWSKO-POMORSKIE,2015,11,1621
04,KUJAWSKO-POMORSKIE,2015,12,1812
06,LUBELSKIE,2015,09,1587
06,LUBELSKIE,2015,10,1871
06,LUBELSKIE,2015,11,1815
06,LUBELSKIE,2015,12,1959
08,LUBUSKIE,2015,09,725
08,LUBUSKIE,2015,10,839
08,LUBUSKIE,2015,11,847
08,LUBUSKIE,2015,12,873
10,ŁÓDZKIE,2015,09,2164
10,ŁÓDZKIE,2015,10,2508
10,ŁÓDZKIE,2015,11,2513
10,ŁÓDZKIE,2015,12,2631
12,MAŁOPOLSKIE,2015,09,2424
12,MAŁOPOLSKIE,2015,10,2692
12,MAŁOPOLSKIE,2015,11,2429
12,MAŁOPOLSKIE,2015,12,2658
14,MAZOWIECKIE,2015,09,4286
14,MAZOWIECKIE,2015,10,4893
14,MAZOWIECKIE,2015,11,4664
14,MAZOWIECKIE,2015,12,4764
16,OPOLSKIE,2015,09,794
16,OPOLSKIE,2015,10,863
16,OPOLSKIE,2015,11,872
16,OPOLSKIE,2015,12,899
18,PODKARPACKIE,2015,09,1470
18,PODKARPACKIE,2015,10,1561
18,PODKARPACKIE,2015,11,1595
18,PODKARPACKIE,2015,12,1546
20,PODLASKIE,2015,09,1014
20,PODLASKIE,2015,10,1083
20,PODLASKIE,2015,11,968
20,PODLASKIE,2015,12,1000
22,POMORSKIE,2015,09,1667
22,POMORSKIE,2015,10,1805
22,POMORSKIE,2015,11,1790
22,POMORSKIE,2015,12,1845
24,ŚLĄSKIE,2015,09,3776
24,ŚLĄSKIE,2015,10,4227
24,ŚLĄSKIE,2015,11,4116
24,ŚLĄSKIE,2015,12,4272
26,ŚWIĘTOKRZYSKIE,2015,09,1011
26,ŚWIĘTOKRZYSKIE,2015,10,1190
26,ŚWIĘTOKRZYSKIE,2015,11,1139
26,ŚWIĘTOKRZYSKIE,2015,12,1189
28,WARMIŃSKO-MAZURSKIE,2015,09,1020
28,WARMIŃSKO-MAZURSKIE,2015,10,1174
28,WARMIŃSKO-MAZURSKIE,2015,11,1100
28,WARMIŃSKO-MAZURSKIE,2015,12,1175
30,WIELKOPOLSKIE,2015,09,2423
30,WIELKOPOLSKIE,2015,10,2750
30,WIELKOPOLSKIE,2015,11,2781
30,WIELKOPOLSKIE,2015,12,2752
32,ZACHODNIOPOMORSKIE,2015,09,1351
32,ZACHODNIOPOMORSKIE,2015,10,1443
32,ZACHODNIOPOMORSKIE,2015,11,1419
32,ZACHODNIOPOMORSKIE,2015,12,1470
